DATA,VERSIONS,NODE,SOFTWARE VERSION,WORKFLOW VERSION,STATUS
01-Jan-2020,"[""ECM: R18.5.0.0.1916.1412"", ""LCM: 5.15.15"", ""SO: 1.2.2300""]",CSCF,https://arm.rnd.ki.sw.ericsson.se/artifactory/proj-cscf-release-local/com/ericsson/cba/vcscf/vcscf/1.13.0-1/vCSCF_1.13.0-1.tar.gz WorkflowVersion=http://gask2web.ericsson.se/pub/get?docno=19010-CXP9034720/1&HighestFree=Y&HighestNotPRev=Y&Format=TAR_GZIPV1,,Failed
01-Jan-2020,"[""ECM: R18.5.0.0.1916.1412"", ""LCM: 5.15.15"", ""SO: 1.2.2300""]",SBG,https://arm.rnd.ki.sw.ericsson.se/artifactory/api/download/proj-mmgw-external-local/ericsson/sbc-sbg/202001/20200102-093100-f2c75a1ea28e3e62738dbd0447d52f93b03b521b/20200102-093100-f2c75a1ea28e3e62738dbd0447d52f93b03b521b.tar,,Success
01-Jan-2020,"[""ECM: R18.5.0.0.1916.1412"", ""LCM: 5.15.15"", ""SO: 1.2.2300""]",SBG,https://arm.rnd.ki.sw.ericsson.se/artifactory/api/download/proj-mmgw-external-local/ericsson/sbc-sbg/202001/20200102-064403-d2d47a6b3d84398944d92615d21cf5ce2df4aceb/20200102-064403-d2d47a6b3d84398944d92615d21cf5ce2df4aceb.tar,,Success
01-Jan-2020,"[""ECM: R18.5.0.0.1916.1412"", ""LCM: 5.15.15"", ""SO: 1.2.2300""]",BGF,https://arm.rnd.ki.sw.ericsson.se/artifactory/api/download/proj-mmgw-external-local/ericsson/vbgf/202001/20200102-095938-7e8bb3f8d0ce8018b0038fde7f67fca645c6fe79/20200102-095938-7e8bb3f8d0ce8018b0038fde7f67fca645c6fe79.tar.gz,,Success
01-Jan-2020,"[""ECM: R18.5.0.0.1916.1412"", ""LCM: 5.15.15"", ""SO: 1.2.2300""]",BGF,https://arm.rnd.ki.sw.ericsson.se/artifactory/api/download/proj-mmgw-external-local/ericsson/vbgf/202001/20200102-095938-7e8bb3f8d0ce8018b0038fde7f67fca645c6fe79/20200102-095938-7e8bb3f8d0ce8018b0038fde7f67fca645c6fe79.tar.gz,,Failed
01-Jan-2020,"[""ECM: R18.5.0.0.1916.1412"", ""LCM: 5.15.15"", ""SO: 1.2.2300""]",BGF,https://arm.rnd.ki.sw.ericsson.se/artifactory/api/download/proj-mmgw-external-local/ericsson/vbgf/201912/20191231-061510-af245c6ac85926ac016bffffbf8c8eee6bfb1f7c/20191231-061510-af245c6ac85926ac016bffffbf8c8eee6bfb1f7c.tar.gz,,Failed
01-Jan-2020,"[""ECM:R18.5.0.0.1916.1412"", ""LCM: 5.15.15"", ""SO: 1.2.2300"]",SBG,https://arm.rnd.ki.sw.ericsson.se/artifactory/api/download/proj-mmgw-external-local/ericsson/sbc-sbg/202001/20200102-064403-d2d47a6b3d84398944d92615d21cf5ce2df4aceb/20200102-064403-d2d47a6b3d84398944d92615d21cf5ce2df4aceb.tar,,Failed
03-Jan-2020,"[""ECM: R20.0.0.0.2002.1438"", ""LCM: 5.16.5"", ""SO: 1.2.2304""]",SBG,https://arm.rnd.ki.sw.ericsson.se/artifactory/api/download/proj-mmgw-external-local/ericsson/sbc-sbg/202001/20200103-103345-471213b99a65c2df434dc15943333d02230af1f3/20200103-103345-471213b99a65c2df434dc15943333d02230af1f3.tar,,Success
03-Jan-2020,"[""ECM: R20.0.0.0.2002.1438"", ""LCM: 5.16.5"", ""SO: 1.2.2304""]",BGF,https://arm.rnd.ki.sw.ericsson.se/artifactory/api/download/proj-mmgw-external-local/ericsson/vbgf/202001/20200103-095729-3b6256345acc46abcaf5d4dfe3c29deb4c5b92cb/20200103-095729-3b6256345acc46abcaf5d4dfe3c29deb4c5b92cb.tar.gz,,Success
03-Jan-2020,"[""ECM: R20.0.0.0.2002.1438"", ""LCM: 5.16.5"", ""SO: 1.2.2304""]",SBG,https://arm.rnd.ki.sw.ericsson.se/artifactory/api/download/proj-mmgw-external-local/ericsson/sbc-sbg/202001/20200103-062153-ffa17c0589fd875314872b1b15710e73dc5c04b8/20200103-062153-ffa17c0589fd875314872b1b15710e73dc5c04b8.tar,,Success
03-Jan-2020,"[""ECM: R20.0.0.0.2002.1439"", ""LCM: 5.16.5"", ""SO: 1.2.2304""]",BGF,https://arm.rnd.ki.sw.ericsson.se/artifactory/api/download/proj-mmgw-external-local/ericsson/vbgf/202001/20200103-072311-7e2df179b338b4257a1f8a9f9816b3110afbb349/20200103-072311-7e2df179b338b4257a1f8a9f9816b3110afbb349.tar.gz,,Success
06-Jan-2020,"[""ECM: R20.0.0.0.2002.1439"", ""LCM: 5.16.5"", ""SO: 1.2.2304""]",BGF,https://arm.rnd.ki.sw.ericsson.se/artifactory/api/download/proj-mmgw-external-local/ericsson/vbgf/202001/20200106-094529-34a3c1a1810261f6fae59e8e659cafeab74989ba/20200106-094529-34a3c1a1810261f6fae59e8e659cafeab74989ba.tar.gz,,Success
06-Jan-2020,"[""ECM: R20.0.0.0.2002.1439"", ""LCM: 5.16.5"", ""SO: 1.2.2304""]",BGF,https://arm.rnd.ki.sw.ericsson.se/artifactory/api/download/proj-mmgw-external-local/ericsson/vbgf/202001/20200106-122740-38e62597ed85bbb4ffd2f900f7b9f365871d152b/20200106-122740-38e62597ed85bbb4ffd2f900f7b9f365871d152b.tar.gz,,Success
06-Jan-2020,"[""ECM: R20.0.0.0.2002.1439"", ""LCM: 5.16.5"", ""SO: 1.2.2304""]",BGF,https://arm.rnd.ki.sw.ericsson.se/artifactory/api/download/proj-mmgw-external-local/ericsson/vbgf/202001/20200103-111708-385869bae895d3dc86bf7180d0b636d8971f7303/20200103-111708-385869bae895d3dc86bf7180d0b636d8971f7303.tar.gz,,Success
07-Jan-2020,"[""ECM: R20.0.0.0.2002.1439"", ""LCM: 5.16.5"", ""SO: 1.2.2304""]",BGF,https://arm.rnd.ki.sw.ericsson.se/artifactory/api/download/proj-mmgw-external-local/ericsson/vbgf/202001/20200107-065847-19e0f4c320c3c689b30a17b1d728173cb931cc82/20200107-065847-19e0f4c320c3c689b30a17b1d728173cb931cc82.tar.gz,,Success
07-Jan-2020,"[""ECM: R20.0.0.0.2002.1439"", ""LCM: 5.16.5"", ""SO: 1.2.2304""]",BGF,https://arm.rnd.ki.sw.ericsson.se/artifactory/api/download/proj-mmgw-external-local/ericsson/vbgf/202001/20200107-121416-52ec8e5f7696fe85f99d764740fe7ab65aa8c904/20200107-121416-52ec8e5f7696fe85f99d764740fe7ab65aa8c904.tar.gz,,Success
07-Jan-2020,"[""ECM: R20.0.0.0.2002.1439"", ""LCM: 5.16.5"", ""SO: 1.2.2304""]",MTAS,https://arm.rnd.ki.sw.ericsson.se/artifactory/api/download/proj-mtas-release-local/CXP9025660_9/CANDIDATE/R19A28/4_CXP9025660_9-R19A28.ova,,Failed
07-Jan-2020,"[""ECM: R20.0.0.0.2002.1439"", ""LCM: 5.16.5"", ""SO: 1.2.2304""]",BGF,https://arm.rnd.ki.sw.ericsson.se/artifactory/api/download/proj-mmgw-external-local/ericsson/vbgf/202001/20200107-102120-b286e1afb2b742a9ad98d000583a4242789bdcfc/20200107-102120-b286e1afb2b742a9ad98d000583a4242789bdcfc.tar.gz,,Success
07-Jan-2020,"[""ECM: R20.0.0.0.2002.1439"", ""LCM: 5.16.5"", ""SO: 1.2.2304""]",MTAS,https://arm.rnd.ki.sw.ericsson.se/artifactory/api/download/proj-mtas-release-local/CXP9025660_9/CANDIDATE/R19A28/4_CXP9025660_9-R19A28.ova,,Failed
07-Jan-2020,"[""ECM: R20.0.0.0.2002.1439"", ""LCM: 5.16.5"", ""SO: 1.2.2304""]",BGF,https://arm.rnd.ki.sw.ericsson.se/artifactory/api/download/proj-mmgw-external-local/ericsson/vbgf/202001/20200107-031225-e2f51c7b94f6ffaff8f851135bac8dd958f303f3/20200107-031225-e2f51c7b94f6ffaff8f851135bac8dd958f303f3.tar.gz,,Success
09-Jan-2020,"[""ECM: R20.0.0.0.2002.1439"", ""LCM: 5.16.5"", ""SO: 1.2.2304""]",MTAS,https://arm.rnd.ki.sw.ericsson.se/artifactory/api/download/proj-mtas-release-local/CXP9025660_9/CANDIDATE/R19A28/4_CXP9025660_9-R19A28.ova,,Failed
09-Jan-2020,"[""ECM: R20.0.0.0.2002.1439"", ""LCM: 5.16.5"", ""SO: 1.2.2304""]",MTAS,https://arm.rnd.ki.sw.ericsson.se/artifactory/api/download/proj-mtas-release-local/CXP9025660_9/CANDIDATE/R19A28/4_CXP9025660_9-R19A28.ova,,Failed
09-Jan-2020,"[""ECM: R20.0.0.0.2002.1439"", ""LCM: 5.16.5"", ""SO: 1.2.2304""]",BGF,https://arm.rnd.ki.sw.ericsson.se/artifactory/api/download/proj-mmgw-external-local/ericsson/vbgf/202001/20200109-120951-906d29fdcf8fd84f5eab1773f0b468eb5cfc1c5b/20200109-120951-906d29fdcf8fd84f5eab1773f0b468eb5cfc1c5b.tar.gz,,Failed
10-Jan-2020,"[""ECM: R20.0.0.0.2002.1439"", ""LCM: 5.16.5"", ""SO: 1.2.2304""]",BGF,https://arm.rnd.ki.sw.ericsson.se/artifactory/api/download/proj-mmgw-external-local/ericsson/vbgf/202001/20200107-121416-52ec8e5f7696fe85f99d764740fe7ab65aa8c904/20200107-121416-52ec8e5f7696fe85f99d764740fe7ab65aa8c904.tar.gz,,Failed
10-Jan-2020,"[""ECM: R20.0.0.0.2002.1439"", ""LCM: 5.16.5"", ""SO: 1.2.2304""]",BGF,https://arm.rnd.ki.sw.ericsson.se/artifactory/api/download/proj-mmgw-external-local/ericsson/vbgf/202001/20200107-121416-52ec8e5f7696fe85f99d764740fe7ab65aa8c904/20200107-121416-52ec8e5f7696fe85f99d764740fe7ab65aa8c904.tar.gz,,Failed
10-Jan-2020,"[""ECM: R20.0.0.0.2002.1439"", ""LCM: 5.16.5"", ""SO: 1.2.2304""]",BGF,https://arm.rnd.ki.sw.ericsson.se/artifactory/api/download/proj-mmgw-external-local/ericsson/vbgf/202001/20200107-121416-52ec8e5f7696fe85f99d764740fe7ab65aa8c904/20200107-121416-52ec8e5f7696fe85f99d764740fe7ab65aa8c904.tar.gz,,Failed
10-Jan-2020,"[""ECM: R20.0.0.0.2002.1439"", ""LCM: 5.16.5"", ""SO: 1.2.2304""]",BGF,https://arm.rnd.ki.sw.ericsson.se/artifactory/api/download/proj-mmgw-external-local/ericsson/vbgf/202001/20200107-121416-52ec8e5f7696fe85f99d764740fe7ab65aa8c904/20200107-121416-52ec8e5f7696fe85f99d764740fe7ab65aa8c904.tar.gz,,Failed
10-Jan-2020,"[""ECM: R20.0.0.0.2002.1439"", ""LCM: 5.16.5"", ""SO: 1.2.2304""]",MTAS,https://arm.rnd.ki.sw.ericsson.se/artifactory/api/download/proj-mtas-release-local/CXP9025660_9/CANDIDATE/R19A28/4_CXP9025660_9-R19A28.ova,,Failed
10-Jan-2020,"[""ECM: R20.0.0.0.2002.1439"", ""LCM: 5.16.5"", ""SO: 1.2.2304""]",BGF,https://arm.rnd.ki.sw.ericsson.se/artifactory/api/download/proj-mmgw-external-local/ericsson/vbgf/202001/20200109-090900-b4e885c001e420040f7baa0525afa117c4543276/20200109-090900-b4e885c001e420040f7baa0525afa117c4543276.tar.gz,,Failed
10-Jan-2020,"[""ECM: R20.0.0.0.2002.1439"", ""LCM: 5.16.5"", ""SO: 1.2.2304""]",BGF,https://arm.rnd.ki.sw.ericsson.se/artifactory/api/download/proj-mmgw-external-local/ericsson/vbgf/202001/20200109-120951-906d29fdcf8fd84f5eab1773f0b468eb5cfc1c5b/20200109-120951-906d29fdcf8fd84f5eab1773f0b468eb5cfc1c5b.tar.gz,,Failed
13-Jan-2020,"[""ECM: R20.0.0.0.2002.1439"", ""LCM: 5.16.5"", ""SO: 1.2.2304""]",BGF,https://arm.rnd.ki.sw.ericsson.se/artifactory/api/download/proj-mmgw-external-local/ericsson/vbgf/202001/20200110-141241-2c64ab5a7b0636cec9c183e323c3e61dac6f897e/20200110-141241-2c64ab5a7b0636cec9c183e323c3e61dac6f897e.tar.gz,,Failed
13-Jan-2020,"[""ECM: R20.0.0.0.2002.1439"", ""LCM: 5.16.5"", ""SO: 1.2.2304""]",BGF,"${trigger[""properties""][""bgf_url""]}",,Failed
13-Jan-2020,"[""ECM: R20.0.0.0.2002.1439"", ""LCM: 5.16.5"", ""SO: 1.2.2304""]",BGF,"${trigger[""properties""][""bgf_url""]}",,Success
13-Jan-2020,"[""ECM: R20.0.0.0.2002.1439"", ""LCM: 5.16.5"", ""SO: 1.2.2304""]",BGF,https://arm.rnd.ki.sw.ericsson.se/artifactory/api/download/proj-mmgw-external-local/ericsson/vbgf/202001/20200113-111102-531f46df9265d20092af081bf221d72f97ed5c26/20200113-111102-531f46df9265d20092af081bf221d72f97ed5c26.tar.gz,,Failed
13-Jan-2020,"[""ECM: R20.0.0.0.2002.1439"", ""LCM: 5.16.5"", ""SO: 1.2.2304""]",BGF,https://arm.rnd.ki.sw.ericsson.se/artifactory/api/download/proj-mmgw-external-local/ericsson/vbgf/202001/20200113-111102-531f46df9265d20092af081bf221d72f97ed5c26/20200113-111102-531f46df9265d20092af081bf221d72f97ed5c26.tar.gz,,Failed
13-Jan-2020,"[""ECM: R20.0.0.0.2002.1439"", ""LCM: 5.16.5"", ""SO: 1.2.2304""]",BGF,"${trigger[""properties""][""bgf_url""]}",,Success
13-Jan-2020,"[""ECM: R20.0.0.0.2002.1439"", ""LCM: 5.16.5"", ""SO: 1.2.2304""]",BGF,https://arm.rnd.ki.sw.ericsson.se/artifactory/api/download/proj-mmgw-external-local/ericsson/vbgf/202001/20200113-111102-531f46df9265d20092af081bf221d72f97ed5c26/20200113-111102-531f46df9265d20092af081bf221d72f97ed5c26.tar.gz,,Failed
13-Jan-2020,"[""ECM: R20.0.0.0.2002.1439"", ""LCM: 5.16.5"", ""SO: 1.2.2304""]",BGF,https://arm.rnd.ki.sw.ericsson.se/artifactory/api/download/proj-mmgw-external-local/ericsson/vbgf/202001/20200113-111102-531f46df9265d20092af081bf221d72f97ed5c26/20200113-111102-531f46df9265d20092af081bf221d72f97ed5c26.tar.gz,,Failed
13-Jan-2020,"[""ECM: R20.0.0.0.2002.1439"", ""LCM: 5.16.5"", ""SO: 1.2.2304""]",BGF,"${trigger[""properties""][""bgf_url""]}",,Success
13-Jan-2020,"[""ECM: R20.0.0.0.2002.1439"", ""LCM: 5.16.5"", ""SO: 1.2.2304""]",BGF,"${trigger[""properties""][""bgf_url""]}",,Failed
13-Jan-2020,"[""ECM: R20.0.0.0.2002.1439"", ""LCM: 5.16.5"", ""SO: 1.2.2304""]",SBG,https://arm.rnd.ki.sw.ericsson.se/artifactory/api/download/proj-mmgw-external-local/ericsson/sbc-sbg/202001/20200113-012241-d5c9f2059cc02b93853bdc69d240b811933c651b/20200113-012241-d5c9f2059cc02b93853bdc69d240b811933c651b.tar,,Failed
13-Jan-2020,"[""ECM: R20.0.0.0.2002.1439"", ""LCM: 5.16.5"", ""SO: 1.2.2304""]",BGF,"${trigger[""properties""][""bgf_url""]}",,Failed
13-Jan-2020,"[""ECM: R20.0.0.0.2002.1439"", ""LCM: 5.16.5"", ""SO: 1.2.2304""]",BGF,"${trigger[""properties""][""bgf_url""]}",,Failed
13-Jan-2020,"[""ECM: R20.0.0.0.2002.1439"", ""LCM: 5.16.5"", ""SO: 1.2.2304""]",BGF,https://arm.rnd.ki.sw.ericsson.se/artifactory/api/download/proj-mmgw-external-local/ericsson/vbgf/202001/20200113-075204-2a2f4a7fd5d38254fb9fdf0e3d712793d03e671c/20200113-075204-2a2f4a7fd5d38254fb9fdf0e3d712793d03e671c.tar.gz,,Failed
14-Jan-2020,"[""ECM: R20.0.0.0.2002.1439"", ""LCM: 5.16.5"", ""SO: 1.2.2304""]",BGF,"${trigger[""properties""][""bgf_url""]}",,Success
14-Jan-2020,"[""ECM: R20.0.0.0.2002.1439"", ""LCM: 5.16.5"", ""SO: 1.2.2304""]",BGF,https://arm.rnd.ki.sw.ericsson.se/artifactory/api/download/proj-mmgw-external-local/ericsson/vbgf/202001/20200114-023224-290a0323af71aa542bb290157a8118487445972b/20200114-023224-290a0323af71aa542bb290157a8118487445972b.tar.gz,,Success
14-Jan-2020,"[""ECM: R20.0.0.0.2002.1439"", ""LCM: 5.16.5"", ""SO: 1.2.2304""]",SBG,https://arm.rnd.ki.sw.ericsson.se/artifactory/api/download/proj-mmgw-external-local/ericsson/sbc-sbg/202001/20200113-094615-0f5deec0ad8143fe45946a097eb94db10686afa6/20200113-094615-0f5deec0ad8143fe45946a097eb94db10686afa6.tar,,Failed
14-Jan-2020,"[""ECM: R20.0.0.0.2002.1439"", ""LCM: 5.16.5"", ""SO: 1.2.2304""]",BGF,"${trigger[""properties""][""bgf_url""]}",,Success
14-Jan-2020,"[""ECM: R20.0.0.0.2002.1439"", ""LCM: 5.16.5"", ""SO: 1.2.2304""]",SBG,https://arm.rnd.ki.sw.ericsson.se/artifactory/api/download/proj-mmgw-external-local/ericsson/sbc-sbg/202001/20200113-133940-b2911d8861e7f7e5871a69e9b3856f5dd8111c3d/20200113-133940-b2911d8861e7f7e5871a69e9b3856f5dd8111c3d.tar,,Success
14-Jan-2020,"[""ECM: R20.0.0.0.2002.1439"", ""LCM: 5.16.5"", ""SO: 1.2.2304""]",CSCF,https://arm.rnd.ki.sw.ericsson.se/artifactory/proj-cscf-release-local/com/ericsson/cba/vcscf/vcscf/1.13.0-1/vCSCF_1.13.0-1.tar.gz,http://gask2web.ericsson.se/pub/get?docno=19010-CXP9034720/1&amp;HighestFree=Y&amp;HighestNotPRev=Y&amp;Format=TAR_GZIPV1,Failed
14-Jan-2020,"[""ECM: R20.0.0.0.2002.1439"", ""LCM: 5.16.5"", ""SO: 1.2.2304""]",BGF,https://arm.rnd.ki.sw.ericsson.se/artifactory/api/download/proj-mmgw-external-local/ericsson/vbgf/202001/20200114-081235-9acbc9fa4fea8a0a9fc5695899a45cae0b4f9356/20200114-081235-9acbc9fa4fea8a0a9fc5695899a45cae0b4f9356.tar.gz,,Success
14-Jan-2020,"[""ECM: R20.0.0.0.2002.1439"", ""LCM: 5.16.5"", ""SO: 1.2.2304""]",BGF,"${trigger[""properties""][""bgf_url""]}",,Success
14-Jan-2020,"[""ECM: R20.0.0.0.2002.1439"", ""LCM: 5.16.5"", ""SO: 1.2.2304""]",BGF,https://arm.rnd.ki.sw.ericsson.se/artifactory/api/download/proj-mmgw-external-local/ericsson/vbgf/202001/20200114-081235-9acbc9fa4fea8a0a9fc5695899a45cae0b4f9356/20200114-081235-9acbc9fa4fea8a0a9fc5695899a45cae0b4f9356.tar.gz,,Success
14-Jan-2020,"[""ECM: R20.0.0.0.2002.1439"", ""LCM: 5.16.5"", ""SO: 1.2.2304""]",SBG,https://arm.rnd.ki.sw.ericsson.se/artifactory/api/download/proj-mmgw-external-local/ericsson/sbc-sbg/202001/20200113-133940-b2911d8861e7f7e5871a69e9b3856f5dd8111c3d/20200113-133940-b2911d8861e7f7e5871a69e9b3856f5dd8111c3d.tar,,Success
14-Jan-2020,"[""ECM: R20.0.0.0.2002.1439"", ""LCM: 5.16.5"", ""SO: 1.2.2304""]",MTAS,https://arm.rnd.ki.sw.ericsson.se/artifactory/api/download/proj-mtas-release-local/CXP9025660_9/CANDIDATE/R19A47/4_CXP9025660_9-R19A47.ova,,Failed
14-Jan-2020,"[""ECM: R20.0.0.0.2002.1439"", ""LCM: 5.16.5"", ""SO: 1.2.2304""]",SBG,https://arm.rnd.ki.sw.ericsson.se/artifactory/api/download/proj-mmgw-external-local/ericsson/sbc-sbg/202001/20200114-101329-1600c56c4bd132b1ed5e8ce924aeefdde0cd6377/20200114-101329-1600c56c4bd132b1ed5e8ce924aeefdde0cd6377.tar,,Success
14-Jan-2020,"[""ECM: R20.0.0.0.2002.1439"", ""LCM: 5.16.5"", ""SO: 1.2.2304""]",MTAS,https://arm.rnd.ki.sw.ericsson.se/artifactory/api/download/proj-mtas-release-local/CXP9025660_9/CANDIDATE/R19A47/4_CXP9025660_9-R19A47.ova,,Failed
14-Jan-2020,"[""ECM: R20.0.0.0.2002.1439"", ""LCM: 5.16.5"", ""SO: 1.2.2304""]",BGF,"${trigger[""properties""][""bgf_url""]}",,Success
14-Jan-2020,"[""ECM: R20.0.0.0.2002.1439"", ""LCM: 5.16.5"", ""SO: 1.2.2304""]",MTAS,https://arm.rnd.ki.sw.ericsson.se/artifactory/api/download/proj-mtas-release-local/CXP9025660_9/CANDIDATE/R19A47/4_CXP9025660_9-R19A47.ova,,Failed
14-Jan-2020,"[""ECM: R20.0.0.0.2002.1439"", ""LCM: 5.16.5"", ""SO: 1.2.2304""]",BGF,"${trigger[""properties""][""bgf_url""]}",,Success
14-Jan-2020,"[""ECM: R20.0.0.0.2002.1439"", ""LCM: 5.16.5"", ""SO: 1.2.2304""]",BGF,https://arm.rnd.ki.sw.ericsson.se/artifactory/api/download/proj-mmgw-external-local/ericsson/vbgf/202001/20200114-135121-7668ce121c3cfff3359547c218ea6ff2f7c0f16b/20200114-135121-7668ce121c3cfff3359547c218ea6ff2f7c0f16b.tar.gz,,Failed
14-Jan-2020,"[""ECM: R20.0.0.0.2002.1439"", ""LCM: 5.16.5"", ""SO: 1.2.2304""]",BGF,"${trigger[""properties""][""bgf_url""]}",,Success
15-Jan-2020,"[""ECM: R20.0.0.0.2002.1439"", ""LCM: 5.16.5"", ""SO: 1.2.2304""]",BGF,"${trigger[""properties""][""bgf_url""]}",,Success
15-Jan-2020,"[""ECM: R20.0.0.0.2002.1439"", ""LCM: 5.16.5"", ""SO: 1.2.2304""]",SBG,https://arm.rnd.ki.sw.ericsson.se/artifactory/api/download/proj-mmgw-external-local/ericsson/sbc-sbg/202001/20200114-131550-938b8010038eb192ecdddaa5a54ae310ab6021ae/20200114-131550-938b8010038eb192ecdddaa5a54ae310ab6021ae.tar,,Failed
15-Jan-2020,"[""ECM: R20.0.0.0.2002.1439"", ""LCM: 5.16.5"", ""SO: 1.2.2304""]",BGF,https://arm.rnd.ki.sw.ericsson.se/artifactory/api/download/proj-mmgw-external-local/ericsson/vbgf/202001/20200115-004609-3688ce7606733de6cba63c68c86b07e66ecab247/20200115-004609-3688ce7606733de6cba63c68c86b07e66ecab247.tar.gz,,Success
15-Jan-2020,"[""ECM: R20.0.0.0.2002.1439"", ""LCM: 5.16.5"", ""SO: 1.2.2304""]",SBG,https://arm.rnd.ki.sw.ericsson.se/artifactory/api/download/proj-mmgw-external-local/ericsson/sbc-sbg/202001/20200114-131550-938b8010038eb192ecdddaa5a54ae310ab6021ae/20200114-131550-938b8010038eb192ecdddaa5a54ae310ab6021ae.tar,,Success
15-Jan-2020,"[""ECM: R20.0.0.0.2002.1439"", ""LCM: 5.16.5"", ""SO: 1.2.2304""]",BGF,"${trigger[""properties""][""bgf_url""]}",,Success
15-Jan-2020,"[""ECM: R20.0.0.0.2002.1439"", ""LCM: 5.16.5"", ""SO: 1.2.2304""]",BGF,"${trigger[""properties""][""bgf_url""]}",,Success
15-Jan-2020,"[""ECM: R20.0.0.0.2002.1439"", ""LCM: 5.16.5"", ""SO: 1.2.2304""]",BGF,https://arm.rnd.ki.sw.ericsson.se/artifactory/api/download/proj-mmgw-external-local/ericsson/vbgf/202001/20200115-114956-e13495575d5dcdb4ce16d26834b90f766da91cf3/20200115-114956-e13495575d5dcdb4ce16d26834b90f766da91cf3.tar.gz,,Success
15-Jan-2020,"[""ECM: R20.0.0.0.2002.1439"", ""LCM: 5.16.5"", ""SO: 1.2.2304""]",BGF,"${trigger[""properties""][""bgf_url""]}",,Success
15-Jan-2020,"[""ECM: R20.0.0.0.2002.1439"", ""LCM: 5.16.5"", ""SO: 1.2.2304""]",MTAS,https://arm.rnd.ki.sw.ericsson.se/artifactory/api/download/proj-mtas-release-local/CXP9025660_9/CANDIDATE/R17E13/4_CXP9025660_9-R17E13.ova,,Failed
15-Jan-2020,"[""ECM: R20.0.0.0.2002.1439"", ""LCM: 5.16.5"", ""SO: 1.2.2304""]",MTAS,https://arm.rnd.ki.sw.ericsson.se/artifactory/api/download/proj-mtas-release-local/CXP9025660_9/CANDIDATE/R19A47/4_CXP9025660_9-R19A47.ova,,Failed
16-Jan-2020,"[""ECM: R20.0.0.0.2002.1439"", ""LCM: 5.16.5"", ""SO: 1.2.2304""]",BGF,"${trigger[""properties""][""bgf_url""]}",,Success
16-Jan-2020,"[""ECM: R20.0.0.0.2002.1439"", ""LCM: 5.16.5"", ""SO: 1.2.2304""]",BGF,"${trigger[""properties""][""bgf_url""]}",,Success
16-Jan-2020,"[""ECM: R20.0.0.0.2002.1439"", ""LCM: 5.16.5"", ""SO: 1.2.2304""]",BGF,"${trigger[""properties""][""bgf_url""]}",,Success
16-Jan-2020,"[""ECM: R20.0.0.0.2002.1439"", ""LCM: 5.16.5"", ""SO: 1.2.2304""]",BGF,"${trigger[""properties""][""bgf_url""]}",,Success
16-Jan-2020,"[""ECM: R20.0.0.0.2002.1439"", ""LCM: 5.16.5"", ""SO: 1.2.2304""]",CSCF,https://arm.rnd.ki.sw.ericsson.se/artifactory/proj-cscf-release-local/com/ericsson/cba/vcscf/vcscf/1.13.0-1/vCSCF_1.13.0-1.tar.gz,http://gask2web.ericsson.se/pub/get?docno=19010-CXP9034720/1&amp;HighestFree=Y&amp;HighestNotPRev=Y&amp;Format=TAR_GZIPV1,Success
16-Jan-2020,"[""ECM: R20.0.0.0.2002.1439"", ""LCM: 5.16.5"", ""SO: 1.2.2304""]",CSCF,https://arm.rnd.ki.sw.ericsson.se/artifactory/proj-cscf-release-local/com/ericsson/cba/vcscf/vcscf/1.13.0-1/vCSCF_1.13.0-1.tar.gz,http://gask2web.ericsson.se/pub/get?docno=19010-CXP9034720/1&amp;HighestFree=Y&amp;HighestNotPRev=Y&amp;Format=TAR_GZIPV1,Success
16-Jan-2020,"[""ECM: R20.0.0.0.2002.1439"", ""LCM: 5.16.5"", ""SO: 1.2.2304""]",CSCF,https://arm.rnd.ki.sw.ericsson.se/artifactory/proj-cscf-release-local/com/ericsson/cba/vcscf/vcscf/1.13.0-1/vCSCF_1.13.0-1.tar.gz,http://gask2web.ericsson.se/pub/get?docno=19010-CXP9034720/1&amp;HighestFree=Y&amp;HighestNotPRev=Y&amp;Format=TAR_GZIPV1,Success
16-Jan-2020,"[""ECM: R20.0.0.0.2002.1439"", ""LCM: 5.16.5"", ""SO: 1.2.2304""]",CSCF,https://arm.rnd.ki.sw.ericsson.se/artifactory/proj-cscf-release-local/com/ericsson/cba/vcscf/vcscf/1.13.0-1/vCSCF_1.13.0-1.tar.gz,http://gask2web.ericsson.se/pub/get?docno=19010-CXP9034720/1&amp;HighestFree=Y&amp;HighestNotPRev=Y&amp;Format=TAR_GZIPV1,Success
16-Jan-2020,"[""ECM: R20.0.0.0.2002.1439"", ""LCM: 5.16.5"", ""SO: 1.2.2304""]",BGF,"${trigger[""properties""][""bgf_url""]}",,Success
16-Jan-2020,"[""ECM: R20.0.0.0.2002.1439"", ""LCM: 5.16.5"", ""SO: 1.2.2304""]",CSCF,https://arm.rnd.ki.sw.ericsson.se/artifactory/proj-cscf-release-local/com/ericsson/cba/vcscf/vcscf/1.13.0-1/vCSCF_1.13.0-1.tar.gz,http://gask2web.ericsson.se/pub/get?docno=19010-CXP9034720/1&amp;HighestFree=Y&amp;HighestNotPRev=Y&amp;Format=TAR_GZIPV1,Success
16-Jan-2020,"[""ECM: R20.0.0.0.2002.1439"", ""LCM: 5.16.5"", ""SO: 1.2.2304""]",CSCF,https://arm.rnd.ki.sw.ericsson.se/artifactory/proj-cscf-release-local/com/ericsson/cba/vcscf/vcscf/1.13.0-1/vCSCF_1.13.0-1.tar.gz,http://gask2web.ericsson.se/pub/get?docno=19010-CXP9034720/1&amp;HighestFree=Y&amp;HighestNotPRev=Y&amp;Format=TAR_GZIPV1,Success
17-Jan-2020,"[""ECM: R20.0.0.0.2002.1439"", ""LCM: 5.16.5"", ""SO: 1.2.2304""]",BGF,"${trigger[""properties""][""bgf_url""]}",,Success
17-Jan-2020,"[""ECM: R20.0.0.0.2002.1439"", ""LCM: 5.16.5"", ""SO: 1.2.2304""]",CSCF,https://arm.rnd.ki.sw.ericsson.se/artifactory/proj-cscf-release-local/com/ericsson/cba/vcscf/vcscf/1.13.0-1/vCSCF_1.13.0-1.tar.gz,http://gask2web.ericsson.se/pub/get?docno=19010-CXP9034720/1&HighestFree=Y&HighestNotPRev=Y&Format=TAR_GZIPV1,Success
17-Jan-2020,"[""ECM: R20.0.0.0.2002.1439"", ""LCM: 5.16.5"", ""SO: 1.2.2304""]",CSCF,https://arm.rnd.ki.sw.ericsson.se/artifactory/proj-cscf-release-local/com/ericsson/cba/vcscf/vcscf/1.13.0-1/vCSCF_1.13.0-1.tar.gz,http://gask2web.ericsson.se/pub/get?docno=19010-CXP9034720/1&HighestFree=Y&HighestNotPRev=Y&Format=TAR_GZIPV1,Success
17-Jan-2020,"[""ECM: R20.0.0.0.2002.1439"", ""LCM: 5.16.5"", ""SO: 1.2.2304""]",CSCF,https://arm.rnd.ki.sw.ericsson.se/artifactory/proj-cscf-release-local/com/ericsson/cba/vcscf/vcscf/test/vCSCF_CXP9038423_1_5_gb_file.tar.gz,http://gask2web.ericsson.se/pub/get?docno=19010-CXP9034720/1&HighestFree=Y&HighestNotPRev=Y&Format=TAR_GZIPV1,Failed
17-Jan-2020,"[""ECM: R20.0.0.0.2002.1439"", ""LCM: 5.16.5"", ""SO: 1.2.2304""]",BGF,"${trigger[""properties""][""bgf_url""]}",,Success
17-Jan-2020,"[""ECM: R20.0.0.0.2002.1439"", ""LCM: 5.16.5"", ""SO: 1.2.2304""]",CSCF,https://arm.rnd.ki.sw.ericsson.se/artifactory/proj-cscf-release-local/com/ericsson/cba/vcscf/vcscf/1.13.0-7/vCSCF_1.13.0-7.tar.gz,${trigger["properties"]["cscfwf_url"]},Success
17-Jan-2020,"[""ECM: R20.0.0.0.2002.1439"", ""LCM: 5.16.5"", ""SO: 1.2.2304""]",CSCF,https://arm.rnd.ki.sw.ericsson.se/artifactory/proj-cscf-release-local/com/ericsson/cba/vcscf/vcscf/1.13.0-7/vCSCF_1.13.0-7.tar.gz,${trigger["properties"]["cscfwf_url"]},Success
17-Jan-2020,"[""ECM: R20.0.0.0.2002.1439"", ""LCM: 5.16.5"", ""SO: 1.2.2304""]",BGF,"${trigger[""properties""][""bgf_url""]}",,Success
17-Jan-2020,"[""ECM: R20.0.0.0.2002.1439"", ""LCM: 5.16.5"", ""SO: 1.2.2304""]",BGF,"${trigger[""properties""][""bgf_url""]}",,Success
18-Jan-2020,"[""ECM: R20.0.0.0.2002.1439"", ""LCM: 5.16.5"", ""SO: 1.2.2304""]",BGF,"${trigger[""properties""][""bgf_url""]}",,Success
18-Jan-2020,"[""ECM: R20.0.0.0.2002.1439"", ""LCM: 5.16.5"", ""SO: 1.2.2304""]",BGF,"${trigger[""properties""][""bgf_url""]}",,Success
18-Jan-2020,"[""ECM: R20.0.0.0.2002.1439"", ""LCM: 5.16.5"", ""SO: 1.2.2304""]",BGF,"${trigger[""properties""][""bgf_url""]}",,Success
18-Jan-2020,"[""ECM: R20.0.0.0.2002.1439"", ""LCM: 5.16.5"", ""SO: 1.2.2304""]",BGF,"${trigger[""properties""][""bgf_url""]}",,Success
18-Jan-2020,"[""ECM: R20.0.0.0.2002.1439"", ""LCM: 5.16.5"", ""SO: 1.2.2304""]",BGF,"${trigger[""properties""][""bgf_url""]}",,Success
19-Jan-2020,"[""ECM: R20.0.0.0.2002.1439"", ""LCM: 5.16.5"", ""SO: 1.2.2304""]",BGF,"${trigger[""properties""][""bgf_url""]}",,Success
19-Jan-2020,"[""ECM: R20.0.0.0.2002.1439"", ""LCM: 5.16.5"", ""SO: 1.2.2304""]",BGF,"${trigger[""properties""][""bgf_url""]}",,Success
19-Jan-2020,"[""ECM: R20.0.0.0.2002.1439"", ""LCM: 5.16.5"", ""SO: 1.2.2304""]",BGF,"${trigger[""properties""][""bgf_url""]}",,Success
19-Jan-2020,"[""ECM: R20.0.0.0.2002.1439"", ""LCM: 5.16.5"", ""SO: 1.2.2304""]",BGF,"${trigger[""properties""][""bgf_url""]}",,Success
22-Jan-2020,"[""ECM: R20.0.0.0.2002.1447"", ""LCM: 5.16.6"", ""SO: 1.2.2321""]",BGF,"${trigger[""properties""][""bgf_url""]}",,Success
22-Jan-2020,"[""ECM: R20.0.0.0.2002.1447"", ""LCM: 5.16.6"", ""SO: 1.2.2321""]",BGF,"${trigger[""properties""][""bgf_url""]}",,Success
22-Jan-2020,"[""ECM: R20.0.0.0.2002.1447"", ""LCM: 5.16.6"", ""SO: 1.2.2321""]",BGF,"${trigger[""properties""][""bgf_url""]}",,Success
22-Jan-2020,"[""ECM: R20.0.0.0.2002.1447"", ""LCM: 5.16.6"", ""SO: 1.2.2321""]",BGF,"${trigger[""properties""][""bgf_url""]}",,Success
22-Jan-2020,"[""ECM: R20.0.0.0.2002.1447"", ""LCM: 5.16.6"", ""SO: 1.2.2321""]",BGF,"${trigger[""properties""][""bgf_url""]}",,Success
22-Jan-2020,"[""ECM: R20.0.0.0.2002.1447"", ""LCM: 5.16.6"", ""SO: 1.2.2321""]",BGF,https://arm.rnd.ki.sw.ericsson.se/artifactory/api/download/proj-mmgw-external-local/ericsson/vbgf/202001/20200122-083728-9bc3de4d44c2340ca2bc7914410fcdb3b9eb4484/20200122-083728-9bc3de4d44c2340ca2bc7914410fcdb3b9eb4484.tar.gz,,Success
22-Jan-2020,"[""ECM: R20.0.0.0.2002.1447"", ""LCM: 5.16.6"", ""SO: 1.2.2321""]",SBG,https://arm.rnd.ki.sw.ericsson.se/artifactory/api/download/proj-mmgw-external-local/ericsson/sbc-sbg/202001/20200120-122804-d9073aa816dc23f4c9b5171a835a31ed25102b6b/20200120-122804-d9073aa816dc23f4c9b5171a835a31ed25102b6b.tar,,Success
22-Jan-2020,"[""ECM: R20.0.0.0.2002.1447"", ""LCM: 5.16.6"", ""SO: 1.2.2321""]",BGF,https://arm.rnd.ki.sw.ericsson.se/artifactory/api/download/proj-mmgw-external-local/ericsson/vbgf/202001/20200122-120542-7fe5f4a3583756c323263d2e2578e61fb788a2cb/20200122-120542-7fe5f4a3583756c323263d2e2578e61fb788a2cb.tar.gz,,Failed
22-Jan-2020,"[""ECM: R20.0.0.0.2002.1447"", ""LCM: 5.16.6"", ""SO: 1.2.2321""]",BGF,https://arm.rnd.ki.sw.ericsson.se/artifactory/api/download/proj-mmgw-external-local/ericsson/vbgf/202001/20200122-120542-7fe5f4a3583756c323263d2e2578e61fb788a2cb/20200122-120542-7fe5f4a3583756c323263d2e2578e61fb788a2cb.tar.gz,,Success
22-Jan-2020,"[""ECM: R20.0.0.0.2002.1447"", ""LCM: 5.16.6"", ""SO: 1.2.2321""]",SBG,https://arm.rnd.ki.sw.ericsson.se/artifactory/api/download/proj-mmgw-external-local/ericsson/sbc-sbg/202001/20200120-122804-d9073aa816dc23f4c9b5171a835a31ed25102b6b/20200120-122804-d9073aa816dc23f4c9b5171a835a31ed25102b6b.tar,,Success
23-Jan-2020,"[""ECM: R20.0.0.0.2002.1447"", ""LCM: 5.16.6"", ""SO: 1.2.2321""]",BGF,"${trigger[""properties""][""bgf_url""]}",,Success
23-Jan-2020,"[""ECM: R20.0.0.0.2002.1447"", ""LCM: 5.16.6"", ""SO: 1.2.2321""]",CSCF,https://arm.rnd.ki.sw.ericsson.se/artifactory/proj-cscf-release-local/com/ericsson/cba/vcscf/vcscf/1.14.0-1/vCSCF_1.14.0-1.tar.gz,"${trigger[""properties""][""cscfwf_url""]}",Success
23-Jan-2020,"[""ECM: R20.0.0.0.2002.1447"", ""LCM: 5.16.6"", ""SO: 1.2.2321""]",CSCF,https://arm.rnd.ki.sw.ericsson.se/artifactory/proj-cscf-release-local/com/ericsson/cba/vcscf/vcscf/1.14.0-1/vCSCF_1.14.0-1.tar.gz,"${trigger[""properties""][""cscfwf_url""]}",Success
23-Jan-2020,"[""ECM: R20.0.0.0.2002.1447"", ""LCM: 5.16.6"", ""SO: 1.2.2321""]",CSCF,https://arm.rnd.ki.sw.ericsson.se/artifactory/proj-cscf-release-local/com/ericsson/cba/vcscf/vcscf/1.14.0-1/vCSCF_1.14.0-1.tar.gz,"${trigger[""properties""][""cscfwf_url""]}",Failed
23-Jan-2020,"[""ECM: R20.0.0.0.2002.1447"", ""LCM: 5.16.6"", ""SO: 1.2.2321""]",SBG,https://arm.rnd.ki.sw.ericsson.se/artifactory/api/download/proj-mmgw-external-local/ericsson/sbc-sbg/202001/20200120-122804-d9073aa816dc23f4c9b5171a835a31ed25102b6b/20200120-122804-d9073aa816dc23f4c9b5171a835a31ed25102b6b.tar,,Failed
23-Jan-2020,"[""ECM: R20.0.0.0.2002.1447"", ""LCM: 5.16.6"", ""SO: 1.2.2321""]",MTAS,https://arm.rnd.ki.sw.ericsson.se/artifactory/api/download/proj-mtas-release-local/CXP9025660_9/CANDIDATE/R15N04/4_CXP9025660_9-R15N04.ova,,Failed
23-Jan-2020,"[""ECM: R20.0.0.0.2002.1447"", ""LCM: 5.16.6"", ""SO: 1.2.2321""]",BGF,https://arm.rnd.ki.sw.ericsson.se/artifactory/api/download/proj-mmgw-external-local/ericsson/vbgf/202001/20200122-120542-7fe5f4a3583756c323263d2e2578e61fb788a2cb/20200122-120542-7fe5f4a3583756c323263d2e2578e61fb788a2cb.tar.gz,,Success
23-Jan-2020,"[""ECM: R20.0.0.0.2002.1447"", ""LCM: 5.16.6"", ""SO: 1.2.2321""]",BGF,"${trigger[""properties""][""bgf_url""]}",,Success
23-Jan-2020,"[""ECM: R20.0.0.0.2002.1447"", ""LCM: 5.16.6"", ""SO: 1.2.2321""]",CSCF,https://arm.rnd.ki.sw.ericsson.se/artifactory/proj-cscf-release-local/com/ericsson/cba/vcscf/vcscf/1.14.0-1/vCSCF_1.14.0-1.tar.gz,"${trigger[""properties""][""cscfwf_url""]}",Failed
23-Jan-2020,"[""ECM: R20.0.0.0.2002.1447"", ""LCM: 5.16.6"", ""SO: 1.2.2321""]",SBG,https://arm.rnd.ki.sw.ericsson.se/artifactory/api/download/proj-mmgw-external-local/ericsson/sbc-sbg/202001/20200120-122804-d9073aa816dc23f4c9b5171a835a31ed25102b6b/20200120-122804-d9073aa816dc23f4c9b5171a835a31ed25102b6b.tar,,Failed
23-Jan-2020,"[""ECM: R20.0.0.0.2002.1447"", ""LCM: 5.16.6"", ""SO: 1.2.2321""]",BGF,https://arm.rnd.ki.sw.ericsson.se/artifactory/api/download/proj-mmgw-external-local/ericsson/vbgf/202001/20200122-120542-7fe5f4a3583756c323263d2e2578e61fb788a2cb/20200122-120542-7fe5f4a3583756c323263d2e2578e61fb788a2cb.tar.gz,,Success
23-Jan-2020,"[""ECM: R20.0.0.0.2002.1447"", ""LCM: 5.16.6"", ""SO: 1.2.2321""]",MTAS,https://arm.rnd.ki.sw.ericsson.se/artifactory/api/download/proj-mtas-release-local/CXP9025660_9/CANDIDATE/R19A55/4_CXP9025660_9-R19A55.ova,,Failed
23-Jan-2020,"[""ECM: R20.0.0.0.2002.1447"", ""LCM: 5.16.6"", ""SO: 1.2.2321""]",BGF,"${trigger[""properties""][""bgf_url""]}",,Success
23-Jan-2020,"[""ECM: R20.0.0.0.2002.1447"", ""LCM: 5.16.6"", ""SO: 1.2.2321""]",SBG,https://arm.rnd.ki.sw.ericsson.se/artifactory/api/download/proj-mmgw-external-local/ericsson/sbc-sbg/202001/20200120-122804-d9073aa816dc23f4c9b5171a835a31ed25102b6b/20200120-122804-d9073aa816dc23f4c9b5171a835a31ed25102b6b.tar,,Success
23-Jan-2020,"[""ECM: R20.0.0.0.2002.1447"", ""LCM: 5.16.6"", ""SO: 1.2.2321""]",BGF,"${trigger[""properties""][""bgf_url""]}",,Success
23-Jan-2020,"[""ECM: R20.0.0.0.2002.1447"", ""LCM: 5.16.6"", ""SO: 1.2.2321""]",CSCF,https://arm.rnd.ki.sw.ericsson.se/artifactory/proj-cscf-release-local/com/ericsson/cba/vcscf/vcscf/1.14.0-1/vCSCF_1.14.0-1.tar.gz,"${trigger[""properties""][""cscfwf_url""]}",Success
23-Jan-2020,"[""ECM: R20.0.0.0.2002.1447"", ""LCM: 5.16.6"", ""SO: 1.2.2321""]",CSCF,https://arm.rnd.ki.sw.ericsson.se/artifactory/proj-cscf-release-local/com/ericsson/cba/vcscf/vcscf/1.14.0-1/vCSCF_1.14.0-1.tar.gz,"${trigger[""properties""][""cscfwf_url""]}",Success
23-Jan-2020,"[""ECM: R20.0.0.0.2002.1447"", ""LCM: 5.16.6"", ""SO: 1.2.2321""]",BGF,https://arm.rnd.ki.sw.ericsson.se/artifactory/api/download/proj-mmgw-external-local/ericsson/vbgf/202001/20200123-121515-dec33ad888fff52f6c61b7888c51a9dc00f1afc3/20200123-121515-dec33ad888fff52f6c61b7888c51a9dc00f1afc3.tar.gz,,Success
